{"name":"9bbc914f-4014-435e-9fbd-63110a1ba7a2","id":"/providers/Microsoft.Flow/flows/9bbc914f-4014-435e-9fbd-63110a1ba7a2","type":"Microsoft.Flow/flows","properties":{"apiId":"/providers/Microsoft.PowerApps/apis/shared_logicflows","displayName":"Send Teams code","definition":{"metadata":{"workflowEntityId":null,"processAdvisorMetadata":null,"flowclientsuspensionreason":"None","flowclientsuspensiontime":null,"creator":{"id":"43bce121-a299-4992-8031-6c9eab0c8cb5","type":"User","tenantId":"4711d3cf-0e6e-4ce2-9b79-4b74db32254f"},"provisioningMethod":"FromDefinition","failureAlertSubscription":true,"clientLastModifiedTime":"2022-04-02T03:50:05.028042Z"},"$schema":"https://schema.management.azure.com/providers/Microsoft.Logic/schemas/2016-06-01/workflowdefinition.json#","contentVersion":"1.0.0.0","parameters":{"$connections":{"defaultValue":{},"type":"Object"},"$authentication":{"defaultValue":{},"type":"SecureObject"}},"triggers":{"manual":{"metadata":{"operationMetadataId":"0b030608-b818-43f1-9b24-c404974cde1d"},"type":"Request","kind":"PowerApp","inputs":{"schema":{"type":"object","properties":{"Postmessageinachatorchannel_Recipient":{"type":"string","description":"Enter a name or email address","x-ms-powerflows-param-ispartial":false},"Postmessageinachatorchannel_Message":{"type":"string","format":"html","description":"Add message. This parameter is used as part of \"1AB120D0-362A-4F7C-8410-8690CED2B538\"","x-ms-powerflows-param-ispartial":true}},"required":["Postmessageinachatorchannel_Recipient","Postmessageinachatorchannel_Message"]}}}},"actions":{"Post_message_in_a_chat_or_channel":{"runAfter":{},"metadata":{"operationMetadataId":"8b39076d-2070-4258-9d37-9668f26f0173"},"type":"OpenApiConnection","inputs":{"host":{"apiId":"/providers/Microsoft.PowerApps/apis/shared_teams","connectionName":"shared_teams","operationId":"PostMessageToConversation"},"parameters":{"poster":"Flow bot","location":"Chat with Flow bot","body/recipient":"@triggerBody()['Postmessageinachatorchannel_Recipient']","body/messageBody":"<p>Your code is @{triggerBody()['Postmessageinachatorchannel_Message']}. Do not share this code. Your code will expire in 10 minutes.</p>"},"authentication":{"value":"@json(decodeBase64(triggerOutputs().headers['X-MS-APIM-Tokens']))['$ConnectionKey']","type":"Raw"}}}}},"connectionReferences":{"shared_teams":{"connectionName":"shared-teams-cefd80e4-ed06-411c-b74b-b6161ea54f8d","source":"Invoker","id":"/providers/Microsoft.PowerApps/apis/shared_teams","tier":"NotSpecified"}},"flowFailureAlertSubscribed":false}}