{"name":"14f0453d-cba3-4cb0-b67e-bcb73c867a3b","id":"/providers/Microsoft.Flow/flows/14f0453d-cba3-4cb0-b67e-bcb73c867a3b","type":"Microsoft.Flow/flows","properties":{"apiId":"/providers/Microsoft.PowerApps/apis/shared_logicflows","displayName":"Send Code","definition":{"metadata":{"workflowEntityId":null,"processAdvisorMetadata":null,"flowclientsuspensionreason":"None","flowclientsuspensiontime":null,"creator":{"id":"43bce121-a299-4992-8031-6c9eab0c8cb5","type":"User","tenantId":"4711d3cf-0e6e-4ce2-9b79-4b74db32254f"},"provisioningMethod":"FromDefinition","failureAlertSubscription":true,"clientLastModifiedTime":"2022-04-01T23:41:55.2010982Z"},"$schema":"https://schema.management.azure.com/providers/Microsoft.Logic/schemas/2016-06-01/workflowdefinition.json#","contentVersion":"1.0.0.0","parameters":{"$connections":{"defaultValue":{},"type":"Object"},"$authentication":{"defaultValue":{},"type":"SecureObject"}},"triggers":{"manual":{"metadata":{"operationMetadataId":"15e3ac86-63b0-41a9-a1b4-c016216a4232"},"type":"Request","kind":"PowerApp","inputs":{"schema":{"type":"object","properties":{"SendTextMessage(SMS)_ToPhoneNumber":{"type":"string","description":"The destination phone number. Format with a '+' and country code e.g., +16175551212 (E.164 format).","x-ms-powerflows-param-ispartial":false},"SendTextMessage(SMS)_Text":{"type":"string","description":"The text of the message you want to send, limited to 1600 characters.","x-ms-powerflows-param-ispartial":false}},"required":["SendTextMessage(SMS)_ToPhoneNumber","SendTextMessage(SMS)_Text"]}}}},"actions":{"Send_Text_Message_(SMS)":{"runAfter":{},"metadata":{"operationMetadataId":"f8ff7ca6-c0d6-49ad-b296-bfc7ccd964a4"},"type":"OpenApiConnection","inputs":{"host":{"apiId":"/providers/Microsoft.PowerApps/apis/shared_twilio","connectionName":"shared_twilio","operationId":"SendMessage"},"parameters":{"sendMessageRequest/from":"+17069163910","sendMessageRequest/to":"@triggerBody()['SendTextMessage(SMS)_ToPhoneNumber']","sendMessageRequest/body":"@triggerBody()['SendTextMessage(SMS)_Text']"},"authentication":{"value":"@json(decodeBase64(triggerOutputs().headers['X-MS-APIM-Tokens']))['$ConnectionKey']","type":"Raw"}}}}},"connectionReferences":{"shared_twilio":{"connectionName":"shared-twilio-2474120c-e3a9-47bb-a4e2-94076105ff37","source":"Invoker","id":"/providers/Microsoft.PowerApps/apis/shared_twilio","tier":"NotSpecified"}},"flowFailureAlertSubscribed":false}}